{
  "hash": "7fbdf7f9",
  "configHash": "557ad977",
  "lockfileHash": "41e14f28",
  "browserHash": "b8473f6a",
  "optimized": {
    "@angular/common": {
      "src": "../../../../../../node_modules/@angular/common/fesm2022/common.mjs",
      "file": "@angular_common.js",
      "fileHash": "502ed1a8",
      "needsInterop": false
    },
    "@angular/common/http": {
      "src": "../../../../../../node_modules/@angular/common/fesm2022/http.mjs",
      "file": "@angular_common_http.js",
      "fileHash": "a7d0190c",
      "needsInterop": false
    },
    "@angular/core": {
      "src": "../../../../../../node_modules/@angular/core/fesm2022/core.mjs",
      "file": "@angular_core.js",
      "fileHash": "7328dc01",
      "needsInterop": false
    },
    "@angular/platform-browser": {
      "src": "../../../../../../node_modules/@angular/platform-browser/fesm2022/platform-browser.mjs",
      "file": "@angular_platform-browser.js",
      "fileHash": "8fa4709c",
      "needsInterop": false
    },
    "@angular/platform-browser/animations": {
      "src": "../../../../../../node_modules/@angular/platform-browser/fesm2022/animations.mjs",
      "file": "@angular_platform-browser_animations.js",
      "fileHash": "a28e85ad",
      "needsInterop": false
    },
    "@angular/router": {
      "src": "../../../../../../node_modules/@angular/router/fesm2022/router.mjs",
      "file": "@angular_router.js",
      "fileHash": "d1c558d8",
      "needsInterop": false
    },
    "ngx-spinner": {
      "src": "../../../../../../node_modules/ngx-spinner/fesm2022/ngx-spinner.mjs",
      "file": "ngx-spinner.js",
      "fileHash": "ada42936",
      "needsInterop": false
    },
    "rxjs": {
      "src": "../../../../../../node_modules/rxjs/dist/esm5/index.js",
      "file": "rxjs.js",
      "fileHash": "6998e601",
      "needsInterop": false
    }
  },
  "chunks": {
    "chunk-7TBVBXRO": {
      "file": "chunk-7TBVBXRO.js"
    },
    "chunk-VMXNCVE5": {
      "file": "chunk-VMXNCVE5.js"
    },
    "chunk-W4OWSNLJ": {
      "file": "chunk-W4OWSNLJ.js"
    },
    "chunk-7O2LHOOC": {
      "file": "chunk-7O2LHOOC.js"
    },
    "chunk-OPVB5EP2": {
      "file": "chunk-OPVB5EP2.js"
    },
    "chunk-Z6JQZVWW": {
      "file": "chunk-Z6JQZVWW.js"
    },
    "chunk-YKS4VGVH": {
      "file": "chunk-YKS4VGVH.js"
    },
    "chunk-PJVWDKLX": {
      "file": "chunk-PJVWDKLX.js"
    }
  }
}