{
  "hash": "639bd541",
  "configHash": "c27b8b41",
  "lockfileHash": "41e14f28",
  "browserHash": "805c726a",
  "optimized": {
    "@angular/common": {
      "src": "../../../../../../node_modules/@angular/common/fesm2022/common.mjs",
      "file": "@angular_common.js",
      "fileHash": "24588ad5",
      "needsInterop": false
    },
    "@angular/common/http": {
      "src": "../../../../../../node_modules/@angular/common/fesm2022/http.mjs",
      "file": "@angular_common_http.js",
      "fileHash": "5c4f4194",
      "needsInterop": false
    },
    "@angular/core": {
      "src": "../../../../../../node_modules/@angular/core/fesm2022/core.mjs",
      "file": "@angular_core.js",
      "fileHash": "02eb6fab",
      "needsInterop": false
    },
    "@angular/platform-browser": {
      "src": "../../../../../../node_modules/@angular/platform-browser/fesm2022/platform-browser.mjs",
      "file": "@angular_platform-browser.js",
      "fileHash": "44311a22",
      "needsInterop": false
    },
    "@angular/platform-browser/animations": {
      "src": "../../../../../../node_modules/@angular/platform-browser/fesm2022/animations.mjs",
      "file": "@angular_platform-browser_animations.js",
      "fileHash": "73919291",
      "needsInterop": false
    },
    "@angular/platform-server/init": {
      "src": "../../../../../../node_modules/@angular/platform-server/fesm2022/init.mjs",
      "file": "@angular_platform-server_init.js",
      "fileHash": "036dc956",
      "needsInterop": false
    },
    "@angular/router": {
      "src": "../../../../../../node_modules/@angular/router/fesm2022/router.mjs",
      "file": "@angular_router.js",
      "fileHash": "b888f85c",
      "needsInterop": false
    },
    "@angular/ssr": {
      "src": "../../../../../../node_modules/@angular/ssr/fesm2022/ssr.mjs",
      "file": "@angular_ssr.js",
      "fileHash": "3d15d9da",
      "needsInterop": false
    },
    "@angular/ssr/node": {
      "src": "../../../../../../node_modules/@angular/ssr/fesm2022/node.mjs",
      "file": "@angular_ssr_node.js",
      "fileHash": "8e59d5b9",
      "needsInterop": false
    },
    "express": {
      "src": "../../../../../../node_modules/express/index.js",
      "file": "express.js",
      "fileHash": "f018d35c",
      "needsInterop": true
    },
    "ngx-spinner": {
      "src": "../../../../../../node_modules/ngx-spinner/fesm2022/ngx-spinner.mjs",
      "file": "ngx-spinner.js",
      "fileHash": "f638c4d4",
      "needsInterop": false
    },
    "rxjs": {
      "src": "../../../../../../node_modules/rxjs/dist/cjs/index.js",
      "file": "rxjs.js",
      "fileHash": "c3bf6e54",
      "needsInterop": true
    }
  },
  "chunks": {
    "chunk-AGRN2JEW": {
      "file": "chunk-AGRN2JEW.js"
    },
    "xhr2-E5RTESSH": {
      "file": "xhr2-E5RTESSH.js"
    },
    "chunk-QWJ26H74": {
      "file": "chunk-QWJ26H74.js"
    },
    "chunk-KDGDWKGL": {
      "file": "chunk-KDGDWKGL.js"
    },
    "chunk-2H4HWKVA": {
      "file": "chunk-2H4HWKVA.js"
    },
    "chunk-MM2LXCUM": {
      "file": "chunk-MM2LXCUM.js"
    },
    "chunk-H6ABM43V": {
      "file": "chunk-H6ABM43V.js"
    },
    "chunk-T2Q2SPY2": {
      "file": "chunk-T2Q2SPY2.js"
    },
    "chunk-5HKKA3ON": {
      "file": "chunk-5HKKA3ON.js"
    },
    "chunk-QFUBUPQM": {
      "file": "chunk-QFUBUPQM.js"
    },
    "chunk-O5J3CNTX": {
      "file": "chunk-O5J3CNTX.js"
    },
    "chunk-6DU2HRTW": {
      "file": "chunk-6DU2HRTW.js"
    }
  }
}